1;Atlanta United FC;Montreal Impact;Mercedes-Benz Stadium;MLS-MAT-0005TM;en es
1;Austin FC;Sporting Kansas City;Q2 Stadium;MLS-MAT-0005TR;en es
1;FC Cincinnati;New York Red Bulls;TQL Stadium;MLS-MAT-0005TN;en es
1;Columbus Crew Sc;Chicago Fire FC;Lower.com Field;MLS-MAT-0005TO;en
1;D.C. United;Toronto FC;Audi Field;MLS-MAT-0005TP;en es
1;Houston Dynamo FC;FC Dallas;Shell Energy Stadium;MLS-MAT-0005TS;en es
1;LA Galaxy;San Diego FC;Dignity Health Sports Park;MLS-MAT-0005SJ;en es
1;Los Angeles FC;Minnesota United FC;BMO Stadium;MLS-MAT-0005TL;en es
1;Inter Miami CF;New York City FC;Chase Stadium;MLS-MAT-0005TK;en es
1;Nashville SC;New England Revolution;Geodis Park;MLS-MAT-0005TT;en
1;Orlando City SC;Philadelphia Union;Inter&Co Stadium;MLS-MAT-0005TQ;en
1;Portland Timbers;Vancouver Whitecaps FC;Providence Park;MLS-MAT-0005TX;en es
1;San Jose Earthquakes;Real Salt Lake;PayPal Park;MLS-MAT-0005TV;en es
1;Seattle Sounders FC;Charlotte FC;Lumen Field;MLS-MAT-0005TW;en
1;St. Louis City SC;Colorado Rapids;Energizer Park;MLS-MAT-0005TU;en es
2;Charlotte FC;Atlanta United FC;Bank of America Stadium;MLS-MAT-0005TY;en es
2;Chicago Fire FC;D.C. United;Soldier Field;MLS-MAT-0005U4;en es
2;Colorado Rapids;FC Dallas;Dick's Sporting Goods Park;MLS-MAT-0005U7;en es
2;Houston Dynamo FC;Inter Miami CF;Shell Energy Stadium;MLS-MAT-0005UB;en es
2;Sporting Kansas City;San Jose Earthquakes;Children's Mercy Park;MLS-MAT-0005U5;en es
2;Los Angeles FC;New York City FC;BMO Stadium;MLS-MAT-0005U8;en es
2;Minnesota United FC;Montreal Impact;Allianz Field;MLS-MAT-0005U6;en es
2;New England Revolution;Columbus Crew Sc;Gillette Stadium;MLS-MAT-0005U0;en
2;New York Red Bulls;Nashville SC;Sports Illustrated Stadium;MLS-MAT-0005U1;en es
2;Orlando City SC;Toronto FC;Inter&Co Stadium;MLS-MAT-0005U2;en
2;Philadelphia Union;FC Cincinnati;Subaru Park;MLS-MAT-0005U3;en
2;Portland Timbers;Austin FC;Providence Park;MLS-MAT-0005U9;en es
2;Real Salt Lake;Seattle Sounders FC;America First Field;MLS-MAT-0005TZ;en es
2;San Diego FC;St. Louis City SC;Snapdragon Stadium;MLS-MAT-0005SK;en es
2;Vancouver Whitecaps FC;LA Galaxy;BC Place;MLS-MAT-0005UA;en
3;Atlanta United FC;New York Red Bulls;Mercedes-Benz Stadium;MLS-MAT-0005UE;en es
3;Austin FC;Colorado Rapids;Q2 Stadium;MLS-MAT-0005UJ;en es
3;FC Cincinnati;Toronto FC;TQL Stadium;MLS-MAT-0005UF;en es
3;Columbus Crew Sc;Houston Dynamo FC;Lower.com Field;MLS-MAT-0005UC;en
3;D.C. United;Sporting Kansas City;Audi Field;MLS-MAT-0005UG;en es
3;FC Dallas;Chicago Fire FC;Toyota Stadium;MLS-MAT-0005UK;en
3;LA Galaxy;St. Louis City SC;Dignity Health Sports Park;MLS-MAT-0005UQ;en es
3;Inter Miami CF;Charlotte FC;Chase Stadium;MLS-MAT-0005UP;en es
3;Nashville SC;Portland Timbers;Geodis Park;MLS-MAT-0005UL;en
3;New England Revolution;Philadelphia Union;Gillette Stadium;MLS-MAT-0005UH;en
3;New York City FC;Orlando City SC;Yankee Stadium;MLS-MAT-0005UI;en es
3;Real Salt Lake;San Diego FC;America First Field;MLS-MAT-0005UM;en es
3;San Jose Earthquakes;Minnesota United FC;PayPal Park;MLS-MAT-0005UN;en es
3;Seattle Sounders FC;Los Angeles FC;Lumen Field;MLS-MAT-0005UD;en
3;Vancouver Whitecaps FC;Montreal Impact;BC Place;MLS-MAT-0005UO;en
4;Atlanta United FC;Inter Miami CF;Mercedes-Benz Stadium;MLS-MAT-0005V5;en es
4;Charlotte FC;FC Cincinnati;Bank of America Stadium;MLS-MAT-0005UU;en es
4;D.C. United;Montreal Impact;Audi Field;MLS-MAT-0005UV;en es
4;FC Dallas;Vancouver Whitecaps FC;Toyota Stadium;MLS-MAT-0005UZ;en
4;Houston Dynamo FC;Real Salt Lake;Shell Energy Stadium;MLS-MAT-0005V0;en es
4;Sporting Kansas City;Minnesota United FC;Children's Mercy Park;MLS-MAT-0005UY;en es
4;Los Angeles FC;Austin FC;BMO Stadium;MLS-MAT-0005UT;en es
4;New York Red Bulls;Orlando City SC;Sports Illustrated Stadium;MLS-MAT-0005UX;en es
4;New York City FC;New England Revolution;Yankee Stadium;MLS-MAT-0005UW;en es
4;Philadelphia Union;Nashville SC;Subaru Park;MLS-MAT-0005UR;en
4;Portland Timbers;LA Galaxy;Providence Park;MLS-MAT-0005V4;en es
4;San Diego FC;Columbus Crew Sc;Snapdragon Stadium;MLS-MAT-0005V2;en es
4;San Jose Earthquakes;Colorado Rapids;PayPal Park;MLS-MAT-0005V3;en es
4;St. Louis City SC;Seattle Sounders FC;Energizer Park;MLS-MAT-0005V1;en es
4;Toronto FC;Chicago Fire FC;BMO Field;MLS-MAT-0005US;en
5;Austin FC;San Diego FC;Q2 Stadium;MLS-MAT-0005VK;en es
5;Charlotte FC;San Jose Earthquakes;Bank of America Stadium;MLS-MAT-0005V8;en es
5;FC Cincinnati;Atlanta United FC;TQL Stadium;MLS-MAT-0005V6;en es
5;Colorado Rapids;Portland Timbers;Dick's Sporting Goods Park;MLS-MAT-0005VG;en es
5;Columbus Crew Sc;New York City FC;Lower.com Field;MLS-MAT-0005V9;en
5;Sporting Kansas City;Los Angeles FC;Children's Mercy Park;MLS-MAT-0005VE;en es
5;Minnesota United FC;LA Galaxy;Allianz Field;MLS-MAT-0005V7;en es
5;Nashville SC;Montreal Impact;Geodis Park;MLS-MAT-0005VF;en
5;New England Revolution;Inter Miami CF;Gillette Stadium;MLS-MAT-0005VA;en
5;New York Red Bulls;Toronto FC;Sports Illustrated Stadium;MLS-MAT-0005VB;en es
5;Orlando City SC;D.C. United;Inter&Co Stadium;MLS-MAT-0005VC;en
5;Philadelphia Union;St. Louis City SC;Subaru Park;MLS-MAT-0005VD;en
5;Real Salt Lake;FC Dallas;America First Field;MLS-MAT-0005VH;en es
5;Seattle Sounders FC;Houston Dynamo FC;Lumen Field;MLS-MAT-0005VI;en
5;Vancouver Whitecaps FC;Chicago Fire FC;BC Place;MLS-MAT-0005VJ;en
6;Atlanta United FC;New York City FC;Mercedes-Benz Stadium;MLS-MAT-0005VO;en es
6;Chicago Fire FC;Montreal Impact;Soldier Field;MLS-MAT-0005VR;en es
6;Colorado Rapids;Charlotte FC;Dick's Sporting Goods Park;MLS-MAT-0005VN;en es
6;D.C. United;Columbus Crew Sc;Audi Field;MLS-MAT-0005VP;en es
6;FC Dallas;Sporting Kansas City;Toyota Stadium;MLS-MAT-0005VS;en
6;LA Galaxy;Orlando City SC;Dignity Health Sports Park;MLS-MAT-0005VV;en es
6;Inter Miami CF;Philadelphia Union;Chase Stadium;MLS-MAT-0005VQ;en es
6;Minnesota United FC;Real Salt Lake;Allianz Field;MLS-MAT-0005VT;en es
6;Nashville SC;FC Cincinnati;Geodis Park;MLS-MAT-0005VU;en
6;New England Revolution;New York Red Bulls;Gillette Stadium;MLS-MAT-0005VL;en
6;Portland Timbers;Houston Dynamo FC;Providence Park;MLS-MAT-0005VZ;en es
6;San Diego FC;Los Angeles FC;Snapdragon Stadium;MLS-MAT-0005VW;en es
6;San Jose Earthquakes;Seattle Sounders FC;PayPal Park;MLS-MAT-0005VX;en es
6;St. Louis City SC;Austin FC;Energizer Park;MLS-MAT-0005VY;en es
6;Toronto FC;Vancouver Whitecaps FC;BMO Field;MLS-MAT-0005VM;en
7;Atlanta United FC;FC Dallas;Mercedes-Benz Stadium;MLS-MAT-0005W2;en es
7;Austin FC;Portland Timbers;Q2 Stadium;MLS-MAT-0005WC;en es
7;Charlotte FC;Nashville SC;Bank of America Stadium;MLS-MAT-0005W0;en es
7;FC Cincinnati;New England Revolution;TQL Stadium;MLS-MAT-0005W3;en es
7;Columbus Crew Sc;Montreal Impact;Lower.com Field;MLS-MAT-0005W4;en
7;Houston Dynamo FC;Los Angeles FC;Shell Energy Stadium;MLS-MAT-0005W8;en es
7;Sporting Kansas City;St. Louis City SC;Children's Mercy Park;MLS-MAT-0005W9;en es
7;Inter Miami CF;Toronto FC;Chase Stadium;MLS-MAT-0005W5;en es
7;New York Red Bulls;Chicago Fire FC;Sports Illustrated Stadium;MLS-MAT-0005W6;en es
7;New York City FC;Minnesota United FC;Yankee Stadium;MLS-MAT-0005WD;en es
7;Philadelphia Union;Orlando City SC;Subaru Park;MLS-MAT-0005W7;en
7;Real Salt Lake;LA Galaxy;America First Field;MLS-MAT-0005W1;en es
7;San Diego FC;Seattle Sounders FC;Snapdragon Stadium;MLS-MAT-0005WA;en es
7;San Jose Earthquakes;D.C. United;PayPal Park;MLS-MAT-0005WE;en es
7;Vancouver Whitecaps FC;Colorado Rapids;BC Place;MLS-MAT-0005WB;en
8;Atlanta United FC;New England Revolution;Mercedes-Benz Stadium;MLS-MAT-0005WF;en es
8;Chicago Fire FC;Inter Miami CF;Soldier Field;MLS-MAT-0005WS;en es
8;Colorado Rapids;San Diego FC;Dick's Sporting Goods Park;MLS-MAT-0005WN;en es
8;D.C. United;FC Cincinnati;Audi Field;MLS-MAT-0005WI;en es
8;FC Dallas;Seattle Sounders FC;Toyota Stadium;MLS-MAT-0005WL;en
8;Sporting Kansas City;Portland Timbers;Children's Mercy Park;MLS-MAT-0005WR;en es
8;LA Galaxy;Houston Dynamo FC;Dignity Health Sports Park;MLS-MAT-0005WO;en es
8;Los Angeles FC;San Jose Earthquakes;BMO Stadium;MLS-MAT-0005WP;en es
8;Montreal Impact;Charlotte FC;Saputo Stadium;MLS-MAT-0005WJ;en fr
8;Nashville SC;Real Salt Lake;Geodis Park;MLS-MAT-0005WM;en
8;New York City FC;Philadelphia Union;Citi Field;MLS-MAT-0005WK;en es
8;Orlando City SC;New York Red Bulls;Inter&Co Stadium;MLS-MAT-0005WH;en
8;St. Louis City SC;Columbus Crew Sc;Energizer Park;MLS-MAT-0005WT;en es
8;Toronto FC;Minnesota United FC;BMO Field;MLS-MAT-0005WG;en
8;Vancouver Whitecaps FC;Austin FC;BC Place;MLS-MAT-0005WQ;en
9;Austin FC;LA Galaxy;Q2 Stadium;MLS-MAT-0005WU;en es
9;Charlotte FC;San Diego FC;Bank of America Stadium;MLS-MAT-0005WW;en es
9;Chicago Fire FC;FC Cincinnati;Soldier Field;MLS-MAT-0005X0;en es
9;Columbus Crew Sc;Inter Miami CF;Mobile Rack;MLS-MAT-0005WV;en
9;Houston Dynamo FC;Colorado Rapids;Shell Energy Stadium;MLS-MAT-0005X1;en es
9;Minnesota United FC;FC Dallas;Allianz Field;MLS-MAT-0005X8;en es
9;Montreal Impact;Orlando City SC;Saputo Stadium;MLS-MAT-0005WX;en fr
9;New England Revolution;New York City FC;Gillette Stadium;MLS-MAT-0005WY;en
9;New York Red Bulls;D.C. United;Sports Illustrated Stadium;MLS-MAT-0005WZ;en es
9;Philadelphia Union;Atlanta United FC;Subaru Park;MLS-MAT-0005X7;en
9;Portland Timbers;Los Angeles FC;Providence Park;MLS-MAT-0005X4;en es
9;Real Salt Lake;Toronto FC;America First Field;MLS-MAT-0005X3;en es
9;San Jose Earthquakes;Sporting Kansas City;PayPal Park;MLS-MAT-0005X5;en es
9;Seattle Sounders FC;Nashville SC;Lumen Field;MLS-MAT-0005X6;en
9;St. Louis City SC;Vancouver Whitecaps FC;Energizer Park;MLS-MAT-0005X2;en es
10;Charlotte FC;New England Revolution;Bank of America Stadium;MLS-MAT-0005XE;en es
10;FC Cincinnati;Sporting Kansas City;TQL Stadium;MLS-MAT-0005X9;en es
10;Colorado Rapids;Seattle Sounders FC;Dick's Sporting Goods Park;MLS-MAT-0005XL;en es
10;Columbus Crew Sc;San Jose Earthquakes;Lower.com Field;MLS-MAT-0005XF;en
10;Houston Dynamo FC;Austin FC;Shell Energy Stadium;MLS-MAT-0005XI;en es
10;LA Galaxy;Portland Timbers;Dignity Health Sports Park;MLS-MAT-0005XM;en es
10;Los Angeles FC;St. Louis City SC;BMO Stadium;MLS-MAT-0005XN;en es
10;Inter Miami CF;FC Dallas;Chase Stadium;MLS-MAT-0005XG;en es
10;Minnesota United FC;Vancouver Whitecaps FC;Allianz Field;MLS-MAT-0005XJ;en es
10;Nashville SC;Chicago Fire FC;Geodis Park;MLS-MAT-0005XK;en
10;New York Red Bulls;Montreal Impact;Sports Illustrated Stadium;MLS-MAT-0005XB;en es
10;Orlando City SC;Atlanta United FC;Inter&Co Stadium;MLS-MAT-0005XD;en
10;Philadelphia Union;D.C. United;Subaru Park;MLS-MAT-0005XC;en
10;San Diego FC;Real Salt Lake;Snapdragon Stadium;MLS-MAT-0005XH;en es
10;Toronto FC;New York City FC;BMO Field;MLS-MAT-0005XA;en
11;Atlanta United FC;Nashville SC;Mercedes-Benz Stadium;MLS-MAT-0005XO;en es
11;Austin FC;Minnesota United FC;Q2 Stadium;MLS-MAT-0005XU;en es
11;Chicago Fire FC;Orlando City SC;Soldier Field;MLS-MAT-0005XV;en es
11;Columbus Crew Sc;Charlotte FC;Lower.com Field;MLS-MAT-0005XQ;en
11;D.C. United;Colorado Rapids;Audi Field;MLS-MAT-0005XR;en es
11;Sporting Kansas City;LA Galaxy;Children's Mercy Park;MLS-MAT-0005Y2;en es
11;Los Angeles FC;Houston Dynamo FC;BMO Stadium;MLS-MAT-0005XX;en es
11;Inter Miami CF;New York Red Bulls;Chase Stadium;MLS-MAT-0005XS;en es
11;Montreal Impact;Philadelphia Union;Saputo Stadium;MLS-MAT-0005XT;en fr
11;New York City FC;FC Cincinnati;Citi Field;MLS-MAT-0005Y1;en es
11;San Diego FC;FC Dallas;Snapdragon Stadium;MLS-MAT-0005XW;en es
11;San Jose Earthquakes;Portland Timbers;PayPal Park;MLS-MAT-0005XY;en es
11;Seattle Sounders FC;St. Louis City SC;Lumen Field;MLS-MAT-0005XZ;en
11;Toronto FC;New England Revolution;BMO Field;MLS-MAT-0005XP;en
11;Vancouver Whitecaps FC;Real Salt Lake;BC Place;MLS-MAT-0005Y0;en
12;Chicago Fire FC;Atlanta United FC;Soldier Field;MLS-MAT-0005Y3;en es
12;FC Cincinnati;Austin FC;TQL Stadium;MLS-MAT-0005Y6;en es
12;Colorado Rapids;San Jose Earthquakes;Dick's Sporting Goods Park;MLS-MAT-0005YF;en es
12;FC Dallas;Real Salt Lake;Toyota Stadium;MLS-MAT-0005YB;en
12;Houston Dynamo FC;Seattle Sounders FC;Shell Energy Stadium;MLS-MAT-0005YC;en es
12;Minnesota United FC;Inter Miami CF;Allianz Field;MLS-MAT-0005Y4;en es
12;Nashville SC;Charlotte FC;Geodis Park;MLS-MAT-0005YD;en
12;New York Red Bulls;LA Galaxy;Sports Illustrated Stadium;MLS-MAT-0005Y8;en es
12;New York City FC;Montreal Impact;Yankee Stadium;MLS-MAT-0005Y7;en es
12;Orlando City SC;New England Revolution;Inter&Co Stadium;MLS-MAT-0005Y9;en
12;Philadelphia Union;Columbus Crew Sc;Subaru Park;MLS-MAT-0005YA;en
12;Portland Timbers;Sporting Kansas City;Providence Park;MLS-MAT-0005YG;en es
12;St. Louis City SC;San Diego FC;Energizer Park;MLS-MAT-0005YE;en es
12;Toronto FC;D.C. United;BMO Field;MLS-MAT-0005Y5;en
12;Vancouver Whitecaps FC;Los Angeles FC;BC Place;MLS-MAT-0005YH;en
13;Austin FC;Atlanta United FC;Q2 Stadium;MLS-MAT-0005YN;en es
13;D.C. United;New York City FC;Audi Field;MLS-MAT-0005YI;en es
13;Houston Dynamo FC;Minnesota United FC;Shell Energy Stadium;MLS-MAT-0005YO;en es
13;Los Angeles FC;Seattle Sounders FC;BMO Stadium;MLS-MAT-0005YS;en es
13;Montreal Impact;Columbus Crew Sc;Saputo Stadium;MLS-MAT-0005YJ;en fr
13;Nashville SC;New York Red Bulls;Geodis Park;MLS-MAT-0005YP;en
13;Orlando City SC;Charlotte FC;Inter&Co Stadium;MLS-MAT-0005YK;en
13;Philadelphia Union;LA Galaxy;Subaru Park;MLS-MAT-0005YL;en
13;Real Salt Lake;Portland Timbers;America First Field;MLS-MAT-0005YR;en es
13;San Diego FC;Colorado Rapids;Snapdragon Stadium;MLS-MAT-0005YT;en es
13;San Jose Earthquakes;Inter Miami CF;PayPal Park;MLS-MAT-0005YU;en es
13;St. Louis City SC;Sporting Kansas City;Energizer Park;MLS-MAT-0005YQ;en es
13;Toronto FC;FC Cincinnati;BMO Field;MLS-MAT-0005YM;en
14;Atlanta United FC;Philadelphia Union;Mercedes-Benz Stadium;MLS-MAT-0005YY;en es
14;Austin FC;Vancouver Whitecaps FC;Q2 Stadium;MLS-MAT-0005Z2;en es
14;Charlotte FC;Chicago Fire FC;Bank of America Stadium;MLS-MAT-0005YZ;en es
14;Colorado Rapids;Real Salt Lake;Dick's Sporting Goods Park;MLS-MAT-0005Z6;en es
14;Columbus Crew Sc;FC Cincinnati;Lower.com Field;MLS-MAT-0005Z0;en
14;FC Dallas;Houston Dynamo FC;Toyota Stadium;MLS-MAT-0005Z3;en
14;LA Galaxy;Los Angeles FC;Dignity Health Sports Park;MLS-MAT-0005Z9;en es
14;Inter Miami CF;Orlando City SC;Chase Stadium;MLS-MAT-0005YX;en es
14;Minnesota United FC;St. Louis City SC;Allianz Field;MLS-MAT-0005Z4;en es
14;Montreal Impact;Toronto FC;Saputo Stadium;MLS-MAT-0005YV;en fr
14;Nashville SC;D.C. United;Geodis Park;MLS-MAT-0005Z5;en
14;New England Revolution;San Jose Earthquakes;Gillette Stadium;MLS-MAT-0005Z1;en
14;New York City FC;New York Red Bulls;Citi Field;MLS-MAT-0005YW;en es
14;Portland Timbers;Seattle Sounders FC;Providence Park;MLS-MAT-0005Z7;en es
14;San Diego FC;Sporting Kansas City;Snapdragon Stadium;MLS-MAT-0005Z8;en es
15;Atlanta United FC;FC Cincinnati;Mercedes-Benz Stadium;MLS-MAT-0005ZO;en es
15;Charlotte FC;Columbus Crew Sc;Bank of America Stadium;MLS-MAT-0005ZC;en es
15;Colorado Rapids;St. Louis City SC;Dick's Sporting Goods Park;MLS-MAT-0005ZK;en es
15;D.C. United;New York Red Bulls;Audi Field;MLS-MAT-0005ZD;en es
15;Sporting Kansas City;New England Revolution;Children's Mercy Park;MLS-MAT-0005ZI;en es
15;Minnesota United FC;Austin FC;Allianz Field;MLS-MAT-0005ZJ;en es
15;Montreal Impact;Los Angeles FC;Saputo Stadium;MLS-MAT-0005ZE;en fr
15;New York City FC;Chicago Fire FC;Yankee Stadium;MLS-MAT-0005ZN;en es
15;Orlando City SC;Portland Timbers;Inter&Co Stadium;MLS-MAT-0005ZF;en
15;Philadelphia Union;Inter Miami CF;Subaru Park;MLS-MAT-0005ZG;en
15;Real Salt Lake;Vancouver Whitecaps FC;America First Field;MLS-MAT-0005ZL;en es
15;San Diego FC;LA Galaxy;Snapdragon Stadium;MLS-MAT-0005ZB;en es
15;San Jose Earthquakes;Houston Dynamo FC;PayPal Park;MLS-MAT-0005ZM;en es
15;Seattle Sounders FC;FC Dallas;Lumen Field;MLS-MAT-0005ZA;en
15;Toronto FC;Nashville SC;BMO Field;MLS-MAT-0005ZH;en
16;Atlanta United FC;Orlando City SC;Mercedes-Benz Stadium;MLS-MAT-0005ZP;en es
16;Austin FC;Real Salt Lake;Q2 Stadium;MLS-MAT-0005ZX;en es
16;FC Cincinnati;FC Dallas;TQL Stadium;MLS-MAT-0005ZQ;en es
16;Columbus Crew Sc;Nashville SC;Lower.com Field;MLS-MAT-0005ZW;en
16;D.C. United;New England Revolution;Audi Field;MLS-MAT-0005ZR;en es
16;LA Galaxy;San Jose Earthquakes;Dignity Health Sports Park;MLS-MAT-0005ZZ;en es
16;Los Angeles FC;Sporting Kansas City;BMO Stadium;MLS-MAT-000600;en es
16;Inter Miami CF;Montreal Impact;Chase Stadium;MLS-MAT-0005ZS;en es
16;New York Red Bulls;Charlotte FC;Sports Illustrated Stadium;MLS-MAT-0005ZU;en es
16;New York City FC;Houston Dynamo FC;Yankee Stadium;MLS-MAT-0005ZT;en es
16;Portland Timbers;Colorado Rapids;Providence Park;MLS-MAT-000601;en es
16;Seattle Sounders FC;San Diego FC;Lumen Field;MLS-MAT-0005ZY;en
16;Toronto FC;Philadelphia Union;BMO Field;MLS-MAT-0005ZV;en
16;Vancouver Whitecaps FC;Minnesota United FC;BC Place;MLS-MAT-000602;en
17;FC Cincinnati;D.C. United;TQL Stadium;MLS-MAT-000605;en es
17;FC Dallas;Philadelphia Union;Toyota Stadium;MLS-MAT-00060A;en
17;Houston Dynamo FC;Sporting Kansas City;Shell Energy Stadium;MLS-MAT-00060B;en es
17;LA Galaxy;Real Salt Lake;Dignity Health Sports Park;MLS-MAT-00060D;en es
17;Los Angeles FC;Colorado Rapids;BMO Stadium;MLS-MAT-00060E;en es
17;Inter Miami CF;Columbus Crew Sc;Chase Stadium;MLS-MAT-000606;en es
17;Montreal Impact;New England Revolution;Saputo Stadium;MLS-MAT-000607;en fr
17;Nashville SC;New York City FC;Geodis Park;MLS-MAT-00060C;en
17;New York Red Bulls;Atlanta United FC;Sports Illustrated Stadium;MLS-MAT-000604;en es
17;Orlando City SC;Chicago Fire FC;Inter&Co Stadium;MLS-MAT-000608;en
17;San Diego FC;Austin FC;Snapdragon Stadium;MLS-MAT-00060F;en es
17;Seattle Sounders FC;Minnesota United FC;Lumen Field;MLS-MAT-00060H;en
17;St. Louis City SC;San Jose Earthquakes;Energizer Park;MLS-MAT-000603;en es
17;Toronto FC;Charlotte FC;BMO Field;MLS-MAT-000609;en
17;Vancouver Whitecaps FC;Portland Timbers;BC Place;MLS-MAT-00060G;en
18;D.C. United;Chicago Fire FC;Audi Field;MLS-MAT-00060I;en es
18;Portland Timbers;St. Louis City SC;Providence Park;MLS-MAT-00060K;en es
18;Vancouver Whitecaps FC;Seattle Sounders FC;BC Place;MLS-MAT-00060J;en
19;Austin FC;New York Red Bulls;Q2 Stadium;MLS-MAT-00060S;en es
19;Chicago Fire FC;Nashville SC;Soldier Field;MLS-MAT-00060T;en es
19;Colorado Rapids;Orlando City SC;Dick's Sporting Goods Park;MLS-MAT-00060X;en es
19;Columbus Crew Sc;Vancouver Whitecaps FC;Lower.com Field;MLS-MAT-00060P;en
19;Houston Dynamo FC;Montreal Impact;Shell Energy Stadium;MLS-MAT-00060U;en es
19;Sporting Kansas City;FC Dallas;Children's Mercy Park;MLS-MAT-00060V;en es
19;Los Angeles FC;Toronto FC;BMO Stadium;MLS-MAT-00060M;en es
19;Minnesota United FC;San Diego FC;Allianz Field;MLS-MAT-00060W;en es
19;New England Revolution;FC Cincinnati;Gillette Stadium;MLS-MAT-00060Q;en
19;New York City FC;Atlanta United FC;Yankee Stadium;MLS-MAT-00060L;en es
19;Philadelphia Union;Charlotte FC;Subaru Park;MLS-MAT-00060R;en
19;Portland Timbers;San Jose Earthquakes;Providence Park;MLS-MAT-00060N;en es
19;Real Salt Lake;D.C. United;America First Field;MLS-MAT-00060Y;en es
19;St. Louis City SC;LA Galaxy;Energizer Park;MLS-MAT-00060O;en es
20;Chicago Fire FC;Philadelphia Union;Soldier Field;MLS-MAT-000613;en es
20;Colorado Rapids;LA Galaxy;Dick's Sporting Goods Park;MLS-MAT-000618;en es
20;Columbus Crew Sc;Atlanta United FC;Lower.com Field;MLS-MAT-00060Z;en
20;FC Dallas;San Jose Earthquakes;Toyota Stadium;MLS-MAT-000614;en
20;Sporting Kansas City;Charlotte FC;Children's Mercy Park;MLS-MAT-000615;en es
20;Minnesota United FC;Houston Dynamo FC;Allianz Field;MLS-MAT-000616;en es
20;Montreal Impact;FC Cincinnati;Saputo Stadium;MLS-MAT-000610;en fr
20;New England Revolution;Nashville SC;Gillette Stadium;MLS-MAT-000611;en
20;Real Salt Lake;Los Angeles FC;America First Field;MLS-MAT-000619;en es
20;St. Louis City SC;Orlando City SC;Energizer Park;MLS-MAT-000617;en es
20;Toronto FC;New York Red Bulls;BMO Field;MLS-MAT-000612;en
20;Vancouver Whitecaps FC;San Diego FC;BC Place;MLS-MAT-00061A;en
21;Chicago Fire FC;Charlotte FC;Soldier Field;MLS-MAT-00061I;en es
21;Columbus Crew Sc;Philadelphia Union;Lower.com Field;MLS-MAT-00061P;en
21;D.C. United;Nashville SC;Audi Field;MLS-MAT-00061B;en es
21;FC Dallas;San Diego FC;Toyota Stadium;MLS-MAT-00061J;en
21;Sporting Kansas City;Real Salt Lake;Children's Mercy Park;MLS-MAT-00061K;en es
21;Los Angeles FC;Vancouver Whitecaps FC;BMO Stadium;MLS-MAT-00061M;en es
21;Inter Miami CF;Atlanta United FC;Chase Stadium;MLS-MAT-00061C;en es
21;Montreal Impact;New York City FC;Saputo Stadium;MLS-MAT-00061D;en fr
21;New England Revolution;Colorado Rapids;Gillette Stadium;MLS-MAT-00061E;en
21;New York Red Bulls;Minnesota United FC;Sports Illustrated Stadium;MLS-MAT-00061F;en es
21;Orlando City SC;FC Cincinnati;Inter&Co Stadium;MLS-MAT-00061G;en
21;San Jose Earthquakes;LA Galaxy;Stanford Stadium;MLS-MAT-00061N;en es
21;Seattle Sounders FC;Austin FC;Lumen Field;MLS-MAT-00061O;en
21;St. Louis City SC;Houston Dynamo FC;Energizer Park;MLS-MAT-00061L;en es
21;Toronto FC;Portland Timbers;BMO Field;MLS-MAT-00061H;en
22;Austin FC;Los Angeles FC;Q2 Stadium;MLS-MAT-00061Y;en es
22;Charlotte FC;Orlando City SC;Bank of America Stadium;MLS-MAT-00061U;en es
22;FC Cincinnati;Chicago Fire FC;TQL Stadium;MLS-MAT-00061V;en es
22;Colorado Rapids;Sporting Kansas City;Dick's Sporting Goods Park;MLS-MAT-00061S;en es
22;D.C. United;Atlanta United FC;Audi Field;MLS-MAT-00061W;en es
22;FC Dallas;Minnesota United FC;Toyota Stadium;MLS-MAT-00061R;en
22;LA Galaxy;Vancouver Whitecaps FC;Dignity Health Sports Park;MLS-MAT-00061T;en es
22;Montreal Impact;Inter Miami CF;Saputo Stadium;MLS-MAT-00061X;en fr
22;Nashville SC;Philadelphia Union;Geodis Park;MLS-MAT-00061Z;en
22;New York City FC;Toronto FC;Yankee Stadium;MLS-MAT-00061Q;en es
22;Portland Timbers;New England Revolution;Providence Park;MLS-MAT-000621;en es
22;Real Salt Lake;St. Louis City SC;America First Field;MLS-MAT-000620;en es
22;San Diego FC;Houston Dynamo FC;Snapdragon Stadium;MLS-MAT-000622;en es
22;San Jose Earthquakes;New York Red Bulls;PayPal Park;MLS-MAT-000623;en es
22;Seattle Sounders FC;Columbus Crew Sc;Lumen Field;MLS-MAT-000624;en
23;Austin FC;New England Revolution;Q2 Stadium;MLS-MAT-00062B;en es
23;Charlotte FC;New York City FC;Bank of America Stadium;MLS-MAT-000625;en es
23;Chicago Fire FC;San Diego FC;Soldier Field;MLS-MAT-00062C;en es
23;FC Cincinnati;Columbus Crew Sc;TQL Stadium;MLS-MAT-000626;en es
23;Colorado Rapids;Vancouver Whitecaps FC;Dick's Sporting Goods Park;MLS-MAT-00062F;en es
23;Sporting Kansas City;Seattle Sounders FC;Children's Mercy Park;MLS-MAT-00062D;en es
23;LA Galaxy;D.C. United;Dignity Health Sports Park;MLS-MAT-00062H;en es
23;Los Angeles FC;FC Dallas;BMO Stadium;MLS-MAT-00062I;en es
23;Inter Miami CF;Nashville SC;Chase Stadium;MLS-MAT-000627;en es
23;Minnesota United FC;San Jose Earthquakes;Allianz Field;MLS-MAT-00062E;en es
23;Orlando City SC;Montreal Impact;Inter&Co Stadium;MLS-MAT-000628;en
23;Philadelphia Union;New York Red Bulls;Subaru Park;MLS-MAT-000629;en
23;Real Salt Lake;Houston Dynamo FC;America First Field;MLS-MAT-00062G;en es
23;St. Louis City SC;Portland Timbers;Energizer Park;MLS-MAT-00062J;en es
23;Toronto FC;Atlanta United FC;BMO Field;MLS-MAT-00062A;en
24;Atlanta United FC;Chicago Fire FC;Mercedes-Benz Stadium;MLS-MAT-00062K;en es
24;Charlotte FC;D.C. United;Bank of America Stadium;MLS-MAT-00062L;en es
24;FC Cincinnati;Inter Miami CF;TQL Stadium;MLS-MAT-00062M;en es
24;Houston Dynamo FC;Vancouver Whitecaps FC;Shell Energy Stadium;MLS-MAT-00062Q;en es
24;LA Galaxy;Austin FC;Dignity Health Sports Park;MLS-MAT-00062U;en es
24;Minnesota United FC;Los Angeles FC;Allianz Field;MLS-MAT-00062R;en es
24;Nashville SC;Columbus Crew Sc;Geodis Park;MLS-MAT-00062S;en
24;New York Red Bulls;New England Revolution;Sports Illustrated Stadium;MLS-MAT-00062N;en es
24;Orlando City SC;New York City FC;Inter&Co Stadium;MLS-MAT-00062O;en
24;Philadelphia Union;Montreal Impact;Subaru Park;MLS-MAT-00062P;en
24;Portland Timbers;Real Salt Lake;Providence Park;MLS-MAT-00062V;en es
24;San Diego FC;Toronto FC;Snapdragon Stadium;MLS-MAT-00062W;en es
24;San Jose Earthquakes;FC Dallas;PayPal Park;MLS-MAT-00062X;en es
24;Seattle Sounders FC;Colorado Rapids;Lumen Field;MLS-MAT-00062T;en
25;Atlanta United FC;Charlotte FC;Mercedes-Benz Stadium;MLS-MAT-00062Y;en es
25;Colorado Rapids;Austin FC;Dick's Sporting Goods Park;MLS-MAT-000638;en es
25;Columbus Crew Sc;D.C. United;Lower.com Field;MLS-MAT-00062Z;en
25;FC Dallas;St. Louis City SC;Toyota Stadium;MLS-MAT-000633;en
25;Houston Dynamo FC;Philadelphia Union;Shell Energy Stadium;MLS-MAT-000634;en es
25;Sporting Kansas City;New York City FC;Children's Mercy Park;MLS-MAT-000635;en es
25;Los Angeles FC;LA Galaxy;BMO Stadium;MLS-MAT-00063A;en es
25;Montreal Impact;Chicago Fire FC;Saputo Stadium;MLS-MAT-000630;en fr
25;Nashville SC;Toronto FC;Geodis Park;MLS-MAT-000636;en
25;New England Revolution;Orlando City SC;Gillette Stadium;MLS-MAT-000631;en
25;New York Red Bulls;Inter Miami CF;Sports Illustrated Stadium;MLS-MAT-000632;en es
25;Portland Timbers;Minnesota United FC;Providence Park;MLS-MAT-00063B;en es
25;Real Salt Lake;FC Cincinnati;America First Field;MLS-MAT-000639;en es
25;San Diego FC;Vancouver Whitecaps FC;Snapdragon Stadium;MLS-MAT-00063C;en es
25;Seattle Sounders FC;San Jose Earthquakes;Lumen Field;MLS-MAT-000637;en
26;Atlanta United FC;Seattle Sounders FC;Mercedes-Benz Stadium;MLS-MAT-00063E;en es
26;Charlotte FC;Toronto FC;Bank of America Stadium;MLS-MAT-00063F;en es
26;Chicago Fire FC;New York Red Bulls;Soldier Field;MLS-MAT-00063K;en es
26;Columbus Crew Sc;Orlando City SC;Lower.com Field;MLS-MAT-00063G;en
26;D.C. United;Austin FC;Audi Field;MLS-MAT-00063H;en es
26;FC Dallas;New York City FC;Toyota Stadium;MLS-MAT-00063L;en
26;Houston Dynamo FC;LA Galaxy;Shell Energy Stadium;MLS-MAT-00063M;en es
26;Los Angeles FC;Portland Timbers;BMO Stadium;MLS-MAT-00063P;en es
26;Inter Miami CF;FC Cincinnati;Chase Stadium;MLS-MAT-00063D;en es
26;New England Revolution;Montreal Impact;Gillette Stadium;MLS-MAT-00063I;en
26;Philadelphia Union;Colorado Rapids;Subaru Park;MLS-MAT-00063J;en
26;Real Salt Lake;San Jose Earthquakes;America First Field;MLS-MAT-00063O;en es
26;San Diego FC;Nashville SC;Snapdragon Stadium;MLS-MAT-00063Q;en es
26;St. Louis City SC;Minnesota United FC;Energizer Park;MLS-MAT-00063N;en es
26;Vancouver Whitecaps FC;Sporting Kansas City;BC Place;MLS-MAT-00063R;en
27;Austin FC;Houston Dynamo FC;Q2 Stadium;MLS-MAT-00063Y;en es
27;Chicago Fire FC;Los Angeles FC;Soldier Field;MLS-MAT-00063Z;en es
27;FC Cincinnati;Charlotte FC;TQL Stadium;MLS-MAT-00063S;en es
27;FC Dallas;Portland Timbers;Toyota Stadium;MLS-MAT-000640;en
27;Sporting Kansas City;San Diego FC;Children's Mercy Park;MLS-MAT-000641;en es
27;LA Galaxy;Seattle Sounders FC;Dignity Health Sports Park;MLS-MAT-000646;en es
27;Minnesota United FC;Colorado Rapids;Allianz Field;MLS-MAT-000642;en es
27;Montreal Impact;Atlanta United FC;Saputo Stadium;MLS-MAT-00063T;en fr
27;New England Revolution;D.C. United;Gillette Stadium;MLS-MAT-00063U;en
27;New York Red Bulls;Real Salt Lake;Sports Illustrated Stadium;MLS-MAT-00063W;en es
27;New York City FC;Columbus Crew Sc;Citi Field;MLS-MAT-00063V;en es
27;Orlando City SC;Inter Miami CF;Inter&Co Stadium;MLS-MAT-000645;en
27;Philadelphia Union;Toronto FC;Subaru Park;MLS-MAT-00063X;en
27;San Jose Earthquakes;Vancouver Whitecaps FC;PayPal Park;MLS-MAT-000644;en es
27;St. Louis City SC;Nashville SC;Energizer Park;MLS-MAT-000643;en es
29;Austin FC;FC Dallas;Q2 Stadium;MLS-MAT-00064E;en es
29;Charlotte FC;Real Salt Lake;Bank of America Stadium;MLS-MAT-000647;en es
29;Chicago Fire FC;St. Louis City SC;Mobile Rack;MLS-MAT-00064F;en es
29;Colorado Rapids;Atlanta United FC;Dick's Sporting Goods Park;MLS-MAT-00064H;en es
29;Inter Miami CF;LA Galaxy;Chase Stadium;MLS-MAT-000648;en es
29;Minnesota United FC;Seattle Sounders FC;Allianz Field;MLS-MAT-00064G;en es
29;Montreal Impact;D.C. United;Saputo Stadium;MLS-MAT-000649;en fr
29;New England Revolution;Los Angeles FC;Gillette Stadium;MLS-MAT-00064A;en
29;New York Red Bulls;Philadelphia Union;Sports Illustrated Stadium;MLS-MAT-00064B;en es
29;New York City FC;Nashville SC;Yankee Stadium;MLS-MAT-00064J;en es
29;Orlando City SC;Sporting Kansas City;Inter&Co Stadium;MLS-MAT-00064C;en
29;Portland Timbers;FC Cincinnati;Providence Park;MLS-MAT-00064I;en es
29;San Jose Earthquakes;San Diego FC;PayPal Park;MLS-MAT-00064L;en es
29;Toronto FC;Columbus Crew Sc;BMO Field;MLS-MAT-00064D;en
29;Vancouver Whitecaps FC;Houston Dynamo FC;BC Place;MLS-MAT-00064K;en
30;Atlanta United FC;Toronto FC;Mercedes-Benz Stadium;MLS-MAT-00064Y;en es
30;Charlotte FC;New York Red Bulls;Bank of America Stadium;MLS-MAT-00064Z;en es
30;FC Cincinnati;New York City FC;TQL Stadium;MLS-MAT-00064M;en es
30;Columbus Crew Sc;New England Revolution;Lower.com Field;MLS-MAT-00064N;en
30;D.C. United;Inter Miami CF;Audi Field;MLS-MAT-00064O;en es
30;FC Dallas;Los Angeles FC;Toyota Stadium;MLS-MAT-00064R;en
30;Houston Dynamo FC;San Jose Earthquakes;Shell Energy Stadium;MLS-MAT-00064S;en es
30;LA Galaxy;Colorado Rapids;Dignity Health Sports Park;MLS-MAT-00064V;en es
30;Montreal Impact;Austin FC;Saputo Stadium;MLS-MAT-00064P;en fr
30;Nashville SC;Orlando City SC;Geodis Park;MLS-MAT-00064T;en
30;Philadelphia Union;Chicago Fire FC;Subaru Park;MLS-MAT-00064Q;en
30;Real Salt Lake;Minnesota United FC;America First Field;MLS-MAT-00064U;en es
30;San Diego FC;Portland Timbers;Snapdragon Stadium;MLS-MAT-00064W;en es
30;Seattle Sounders FC;Sporting Kansas City;Lumen Field;MLS-MAT-000650;en
30;Vancouver Whitecaps FC;St. Louis City SC;BC Place;MLS-MAT-00064X;en
31;Austin FC;San Jose Earthquakes;Q2 Stadium;MLS-MAT-000658;en es
31;FC Cincinnati;Philadelphia Union;TQL Stadium;MLS-MAT-000651;en es
31;Houston Dynamo FC;St. Louis City SC;Shell Energy Stadium;MLS-MAT-000659;en es
31;Sporting Kansas City;Colorado Rapids;Children's Mercy Park;MLS-MAT-00065A;en es
31;LA Galaxy;FC Dallas;Dignity Health Sports Park;MLS-MAT-00065D;en es
31;Los Angeles FC;San Diego FC;BMO Stadium;MLS-MAT-00065E;en es
31;Inter Miami CF;Chicago Fire FC;Chase Stadium;MLS-MAT-000652;en es
31;Minnesota United FC;Portland Timbers;Allianz Field;MLS-MAT-00065B;en es
31;Nashville SC;Atlanta United FC;Geodis Park;MLS-MAT-00065C;en
31;New England Revolution;Charlotte FC;Gillette Stadium;MLS-MAT-000653;en
31;New York Red Bulls;Columbus Crew Sc;Sports Illustrated Stadium;MLS-MAT-000655;en es
31;New York City FC;D.C. United;Yankee Stadium;MLS-MAT-000654;en es
31;Orlando City SC;Vancouver Whitecaps FC;Inter&Co Stadium;MLS-MAT-000656;en
31;Seattle Sounders FC;Real Salt Lake;Lumen Field;MLS-MAT-00065F;en
31;Toronto FC;Montreal Impact;BMO Field;MLS-MAT-000657;en
32;Chicago Fire FC;New England Revolution;Mobile Rack 129;MLS-MAT-00065G;en es
32;Sporting Kansas City;Austin FC;Children's Mercy Park;MLS-MAT-00065I;en es
32;St. Louis City SC;FC Dallas;Energizer Park;MLS-MAT-00065H;en es
33;Atlanta United FC;Columbus Crew Sc;Mercedes-Benz Stadium;MLS-MAT-00065J;en es
33;Charlotte FC;Inter Miami CF;Bank of America Stadium;MLS-MAT-00065K;en es
33;Chicago Fire FC;New York City FC;Soldier Field;MLS-MAT-00065P;en es
33;FC Cincinnati;Nashville SC;TQL Stadium;MLS-MAT-00065L;en es
33;Colorado Rapids;Houston Dynamo FC;Dick's Sporting Goods Park;MLS-MAT-00065S;en es
33;D.C. United;Orlando City SC;Audi Field;MLS-MAT-00065M;en es
33;FC Dallas;Austin FC;Toyota Stadium;MLS-MAT-00065Q;en
33;Montreal Impact;St. Louis City SC;Saputo Stadium;MLS-MAT-00065N;en fr
33;New England Revolution;Toronto FC;Gillette Stadium;MLS-MAT-00065O;en
33;Portland Timbers;New York Red Bulls;Providence Park;MLS-MAT-00065U;en es
33;Real Salt Lake;Sporting Kansas City;America First Field;MLS-MAT-00065T;en es
33;San Diego FC;Minnesota United FC;Snapdragon Stadium;MLS-MAT-00065V;en es
33;San Jose Earthquakes;Los Angeles FC;Levi's Stadium;MLS-MAT-00065W;en es
33;Seattle Sounders FC;LA Galaxy;Lumen Field;MLS-MAT-00065R;en
33;Vancouver Whitecaps FC;Philadelphia Union;BC Place;MLS-MAT-00065X;en
34;Inter Miami CF;Seattle Sounders FC;Chase Stadium;MLS-MAT-00065Y;en es
34;New York City FC;Charlotte FC;Yankee Stadium;MLS-MAT-00065Z;en es
35;Atlanta United FC;San Diego FC;Mercedes-Benz Stadium;MLS-MAT-000661;en es
35;Austin FC;Seattle Sounders FC;Q2 Stadium;MLS-MAT-000666;en es
35;Columbus Crew Sc;Toronto FC;Lower.com Field;MLS-MAT-000662;en
35;FC Dallas;Colorado Rapids;Toyota Stadium;MLS-MAT-000667;en
35;Houston Dynamo FC;Portland Timbers;Shell Energy Stadium;MLS-MAT-000668;en es
35;Sporting Kansas City;Vancouver Whitecaps FC;Children's Mercy Park;MLS-MAT-000669;en es
35;LA Galaxy;FC Cincinnati;Dignity Health Sports Park;MLS-MAT-00066B;en es
35;Los Angeles FC;Real Salt Lake;BMO Stadium;MLS-MAT-00066D;en es
35;Inter Miami CF;D.C. United;Chase Stadium;MLS-MAT-000663;en es
35;Minnesota United FC;Chicago Fire FC;Allianz Field;MLS-MAT-00066A;en es
35;Montreal Impact;New York Red Bulls;Saputo Stadium;MLS-MAT-000664;en fr
35;Orlando City SC;Nashville SC;Inter&Co Stadium;MLS-MAT-000665;en
35;Philadelphia Union;New England Revolution;Subaru Park;MLS-MAT-000660;en
35;San Jose Earthquakes;St. Louis City SC;PayPal Park;MLS-MAT-00066C;en es
36;New York City FC;Inter Miami CF;Citi Field;MLS-MAT-00066E;en es
37;Charlotte FC;Montreal Impact;Bank of America Stadium;MLS-MAT-00066H;en es
37;Chicago Fire FC;Columbus Crew Sc;Soldier Field;MLS-MAT-00066L;en es
37;FC Cincinnati;Orlando City SC;TQL Stadium;MLS-MAT-00066F;en es
37;Colorado Rapids;Minnesota United FC;Dick's Sporting Goods Park;MLS-MAT-00066O;en es
37;D.C. United;Philadelphia Union;Audi Field;MLS-MAT-00066I;en es
37;LA Galaxy;Sporting Kansas City;Dignity Health Sports Park;MLS-MAT-00066Q;en es
37;Nashville SC;Houston Dynamo FC;Geodis Park;MLS-MAT-00066M;en
37;New England Revolution;Atlanta United FC;Gillette Stadium;MLS-MAT-00066J;en
37;New York Red Bulls;New York City FC FC;Sports Illustrated Stadium;MLS-MAT-00066K;en es
37;Portland Timbers;FC Dallas;Providence Park;MLS-MAT-00066R;en es
37;Real Salt Lake;Austin FC;America First Field;MLS-MAT-00066P;en es
37;San Diego FC;San Jose Earthquakes;Snapdragon Stadium;MLS-MAT-00066S;en es
37;Seattle Sounders FC;Vancouver Whitecaps FC;Lumen Field;MLS-MAT-00066T;en
37;St. Louis City SC;Los Angeles FC;Energizer Park;MLS-MAT-00066N;en es
37;Toronto FC;Inter Miami CF;BMO Field;MLS-MAT-00066G;en
38;Austin FC;St. Louis City SC;Q2 Stadium;MLS-MAT-000671;en es
38;Chicago Fire FC;Toronto FC;Soldier Field;MLS-MAT-000672;en es
38;D.C. United;Charlotte FC;Audi Field;MLS-MAT-00066U;en es
38;FC Dallas;LA Galaxy;Toyota Stadium;MLS-MAT-00066V;en
38;Houston Dynamo FC;San Diego FC;Shell Energy Stadium;MLS-MAT-000673;en es
38;Los Angeles FC;Atlanta United FC;BMO Stadium;MLS-MAT-000677;en es
38;Inter Miami CF;New England Revolution;Chase Stadium;MLS-MAT-00066W;en es
38;Minnesota United FC;Sporting Kansas City;Allianz Field;MLS-MAT-000674;en es
38;Montreal Impact;Nashville SC;Saputo Stadium;MLS-MAT-00066X;en fr
38;New York Red Bulls;FC Cincinnati;Sports Illustrated Stadium;MLS-MAT-00066Y;en es
38;Orlando City SC;Columbus Crew Sc;Inter&Co Stadium;MLS-MAT-00066Z;en
38;Philadelphia Union;New York City FC;Subaru Park;MLS-MAT-000670;en
38;Real Salt Lake;Colorado Rapids;America First Field;MLS-MAT-000675;en es
38;Seattle Sounders FC;Portland Timbers;Lumen Field;MLS-MAT-000676;en
38;Vancouver Whitecaps FC;San Jose Earthquakes;BC Place;MLS-MAT-000678;en
39;Atlanta United FC;D.C. United;Mercedes-Benz Stadium;MLS-MAT-000679;en es
39;Charlotte FC;Philadelphia Union;Bank of America Stadium;MLS-MAT-00067A;en es
39;FC Cincinnati;Montreal Impact;TQL Stadium;MLS-MAT-00067B;en es
39;Colorado Rapids;Los Angeles FC;Dick's Sporting Goods Park;MLS-MAT-00067H;en es
39;Columbus Crew Sc;New York Red Bulls;Lower.com Field;MLS-MAT-00067C;en
39;Sporting Kansas City;Houston Dynamo FC;Children's Mercy Park;MLS-MAT-00067I;en es
39;LA Galaxy;Minnesota United FC;Dignity Health Sports Park;MLS-MAT-00067J;en es
39;Nashville SC;Inter Miami CF;Geodis Park;MLS-MAT-00067D;en
39;New England Revolution;Chicago Fire FC;Gillette Stadium;MLS-MAT-00067E;en
39;New York City FC;Seattle Sounders FC;TBC;MLS-MAT-00067F;en es
39;Portland Timbers;San Diego FC;Providence Park;MLS-MAT-00067K;en es
39;San Jose Earthquakes;Austin FC;PayPal Park;MLS-MAT-00067L;en es
39;St. Louis City SC;Real Salt Lake;Energizer Park;MLS-MAT-00067M;en es
39;Toronto FC;Orlando City SC;BMO Field;MLS-MAT-00067G;en
39;Vancouver Whitecaps FC;FC Dallas;BC Place;MLS-MAT-00067N;en
100;TBC;TBC;Mobile Rack 129;TBC;en es
100;TBC;TBC;Mobile Rack 132;TBC;en es